"Qty";"Value";"Device";"Package";"Parts";"Description";"AVAILABILITY";"BUILT_BY";"DESCRIPTION";"DIGIKEY";"MANUFACTURER_PART_NUMBER";"MF";"MP";"PACKAGE";"PRICE";"VENDOR";"VOLTAGE";
"6";"";"DMG3406LSOT";"SOT23";"Q1, Q2, Q3, Q4, Q5, Q6";"Generic NPN MOSFET";"";"";"";"";"";"";"";"";"";"";"";
"1";".1uF";"CAP0603-CAP";"0603-CAP";"C3";"Capacitor";"";"";"";"";"";"";"";"";"";"";"";
"6";"0.1uF";"CAP0603-CAP";"0603-CAP";"C1, C2, C7, C10, C12, C14";"Capacitor";"";"";"";"";"";"";"";"";"";"";"";
"1";"0.22uF";"CAP0603-CAP";"0603-CAP";"C5";"Capacitor";"";"";"";"";"";"";"";"";"";"";"";
"2";"10k";"RESISTOR0603";"0603-RES";"R1, R19";"Resistor";"";"";"";"";"";"";"";"";"";"";"";
"1";"10k";"YC248-JR-0710KL";"YAG_YC248-M";"R16";"10k 8-resistor array. Replaces Bourns Cat 16";"";"EMA_UL_Team";"";"";"YC248-JR-0710KL";"";"";"";"";"Yageo";"";
"1";"120";"RESISTOR0603-RES";"0603-RES";"R8";"Resistor";"";"";"";"";"";"";"";"";"";"";"";
"2";"12k";"RESISTOR0603";"0603-RES";"R5, R6";"Resistor";"";"";"";"";"";"";"";"";"";"";"";
"4";"15pF";"CAP0603-CAP";"0603-CAP";"C6, C8, C9, C11";"Capacitor";"";"";"";"";"";"";"";"";"";"";"";
"2";"16MHz, 10pF";"ABM3B";"ABM3B";"CR1, CR2";"ABM3B ceramic SMD crystal.";"";"";"";"";"";"";"";"";"";"";"";
"2";"1uF";"CAP0603-CAP";"0603-CAP";"C4, C13";"Capacitor";"";"";"";"";"";"";"";"";"";"";"";
"3";"200";"RESISTOR0805-RES";"0805";"R9, R12, R15";"Resistor";"";"";"";"";"";"";"";"";"";"";"";
"4";"28";"RESISTOR0603";"0603-RES";"R13, R14, R20, R21";"Resistor";"";"";"";"";"";"";"";"";"";"";"";
"6";"40.2";"RESISTOR0603";"0603-RES";"R4, R7, R10, R11, R17, R18";"Resistor";"";"";"";"";"";"";"";"";"";"";"";
"2";"43k";"RESISTOR0603";"0603-RES";"R2, R3";"Resistor";"";"";"";"";"";"";"";"";"";"";"";
"1";"ATMEGA328P-AU";"ATMEGA328P-AU";"QFP80P900X900X120-32N";"ATMEGA";"ATmega Series 20 MHz 32 KB Flash 2 KB SRAM 8-Bit Microcontroller - TQFP-32";"Unavailable";"";" AVR AVR® ATmega Microcontroller IC 8-Bit 20MHz 32KB _16K x 16_ FLASH 32-TQFP _7x7_ ";"";"";"Microchip";"ATMEGA328P-AU";"TQFP-32 Microchip";"None";"";"";
"1";"AVR-ISP-HEADER";"AVR-ISP-HEADER";"2X03";"J1";"AVR ISP 6-pin Header";"";"";"";"S2011EC-03-ND";"";"";"";"";"";"";"";
"1";"Blue";"XP-E2XP-E2";"XP-E2";"START";"XP-E2 high-brightness LED.";"";"";"";"";"";"";"";"";"";"";"";
"1";"CONNECTOR-6NANO-FIT_VERTICAL-6";"CONNECTOR-6NANO-FIT_VERTICAL-6";"NANO-FIT_VERTICAL-6";"X1";"Mini-Fit Junior connector 6 pole";"";"";"";"";"";"";"";"";"";"";"";
"1";"CONNECTOR-8NANO-FIT_VERTICAL-8";"CONNECTOR-8NANO-FIT_VERTICAL-8";"NANO-FIT_VERTICAL-8";"$$X1";"Mini-Fit Junior connector 8 pole";"";"";"";"";"";"";"";"";"";"";"";
"1";"DIODE_ZENER";"DIODE_ZENER";"SOT23";"D1";"ZENER DIODE";"";"";"";"";"";"";"";"";"";"";"";
"1";"Green";"XP-E2XP-E2";"XP-E2";"MODE";"XP-E2 high-brightness LED.";"";"";"";"";"";"";"";"";"";"";"";
"1";"JUMPER0603";"JUMPER0603";"0603-JUMP";"J2";"Jumper for changing operation of a device";"";"";"";"";"";"";"";"";"";"";"";
"1";"LM340";"LM340";"SOT223";"LM1";"LM340";"";"";"";"";"";"";"";"";"";"";"";
"1";"MCP2515TSSOP";"MCP2515TSSOP";"TSSOP-20";"MCP2";"MCP2515 CAN Controller with SPI Interface";"";"";"";"";"";"";"";"";"";"";"";
"1";"MCP2551";"MCP2551";"SOIC-08";"MCP1";"MCP2551 High-Speed CAN Transceiver";"";"";"";"";"";"";"";"";"";"";"";
"2";"MMBZ5245BTS-7-F";"MMBZ5245BTS-7-F";"SOT363";"Z1, Z2";"15V Zener Diode Array 3 Independent with SOT363 footprint.";"";"";"";"";"";"";"";"";"";"";"15V";
"3";"Red";"XP-E2XP-E2";"XP-E2";"AMS, IMD, MC";"XP-E2 high-brightness LED.";"";"";"";"";"";"";"";"";"";"";"";
"2";"TS4148 RYG";"DIODE0805";"0805_D";"D2, D3";"DIODE";"";"";"";"";"";"";"";"";"";"";"";
"1";"Yellow";"XP-E2XP-E2";"XP-E2";"SSOK";"XP-E2 high-brightness LED.";"";"";"";"";"";"";"";"";"";"";"";
